Filename	Label	seg_Start	seg_End	pF1_mean	pF1_means001	pF1_means002	pF1_means003	pF2_mean	pF2_means001	pF2_means002	pF2_means003	
AHRAH.mat	"ah22"	922.705	1212.138	711.862	665.441	765.449	707.772	2048.380	1661.417	2499.967	2001.389	
AHRAH.mat	"ah22"	1320.675	1512.425	682.205	698.922	640.400	706.599	2226.815	1469.847	2024.161	3197.568	
AMRAH2.mat	"a22"	214.329	328.715	812.821	741.456	845.192	852.266	1284.133	1375.798	1308.027	1167.034	
AMRAH2.mat	"ah22"	677.410	764.123	828.205	740.123	808.677	933.115	2668.643	1785.726	3079.482	3169.881	
AMRAH3.mat	"a22"	166.271	318.826	870.328	1001.405	807.094	788.772	2462.145	2443.027	2331.090	2563.874	
AMRAH3.mat	"ah22"	679.274	827.342	863.530	763.150	755.321	1070.817	2887.532	2997.209	2480.351	3197.541	
BAHLI.mat	"ah22"	171.136	479.087	728.085	658.037	675.937	850.403	2888.494	2615.489	2873.743	3182.029	
BAHLI.mat	"i22"	626.903	774.719	796.716	347.899	316.628	1688.537	2889.464	2618.841	2681.615	3351.300	
BASTAXAHNAH.mat	"a22"	135.583	207.407	587.005	602.994	597.411	568.308	2003.115	1511.122	1737.335	2781.017	
BASTAXAHNAH.mat	"a22"	369.590	432.146	692.127	614.422	698.206	764.041	1393.830	1567.275	1432.075	1190.771	
BASTAXAHNAH.mat	"ah22"	576.953	722.918	451.522	617.707	343.106	388.637	1472.150	1914.074	1159.608	1324.370	
BASTAXAHNAH.mat	"ah22"	768.790	885.816	484.535	428.266	407.333	614.479	1559.287	1372.214	1287.907	2003.695	
BATOLE.mat	"a22"	275.692	355.103	720.534	790.787	705.654	664.382	1683.399	1481.756	1537.346	2022.377	
BATOLE.mat	"o22"	520.683	691.332	584.897	580.151	558.204	616.391	2948.581	2564.683	3072.733	3220.539	
BATOLE.mat	"e22"	834.947	922.806	654.288	546.524	471.088	938.248	2477.280	2308.688	2361.326	2754.781	
BATOLE2.mat	"ah22"	282.124	366.206	998.141	833.499	662.534	1473.088	2045.060	1361.746	1227.632	3499.427	
BATOLE2.mat	"o22"	541.377	715.379	645.165	581.307	606.299	746.825	3199.266	3219.864	3179.906	3196.317	
BATOLE2.mat	"e22"	859.057	982.844	754.390	540.018	477.568	1237.156	2532.730	2253.472	2348.271	2994.163	
BATOLE3.mat	"a22"	273.367	355.313	724.664	795.118	712.538	662.600	1675.330	1480.574	1534.339	2005.263	
BATOLE3.mat	"o22"	509.251	678.210	585.782	604.243	555.980	596.560	2838.902	2270.110	3041.365	3227.913	
BATOLE3.mat	"e22"	823.188	925.408	675.490	565.470	492.345	957.168	2465.193	2255.278	2372.902	2760.240	
BEXLWANE.mat	"ex22"	1118.223	1230.092	650.425	523.278	671.421	757.777	3100.704	2823.196	3225.251	3267.659	
BEXLWANE.mat	"a22"	1443.472	1611.276	763.572	1084.581	489.058	720.541	2084.679	2722.923	1420.735	2118.627	
BEXLWANE.mat	"e22"	1745.933	1832.943	368.307	303.677	434.536	370.183	2507.566	2428.551	2521.053	2572.359	
BEXLWANE2.mat	"ex22"	1118.223	1230.092	650.425	523.278	671.421	757.777	3100.704	2823.196	3225.251	3267.659	
BEXLWANE2.mat	"ah22"	1443.472	1611.276	763.572	1084.581	489.058	720.541	2084.679	2722.923	1420.735	2118.627	
BEXLWANE2.mat	"e22"	1745.933	1832.943	368.307	303.677	434.536	370.183	2507.566	2428.551	2521.053	2572.359	
BEXSLAH.mat	"e22"	241.426	287.974	648.601	619.100	632.112	686.313	2665.284	2116.773	3418.899	2633.360	
BEXSLAH.mat	"ah22"	626.488	754.224	775.241	763.760	723.787	837.606	3023.674	2770.075	3366.072	2949.572	
BUZ.mat	"u22"	650.808	869.943	444.536	472.374	493.614	367.662	2929.908	3053.881	2948.330	2786.306	
BXSLAH.mat	"e22"	241.426	287.974	648.601	619.100	632.112	686.313	2665.284	2116.773	3418.899	2633.360	
BXSLAH.mat	"ah22"	626.488	754.224	775.241	763.760	723.787	837.606	3023.674	2770.075	3366.072	2949.572	
DAHNJI.mat	"ah22"	808.761	933.521	863.564	804.148	1079.883	714.526	3002.392	2424.293	3392.987	3194.284	
DAHNJI.mat	"i22"	1149.323	1338.149	570.780	884.981	343.593	476.636	2811.389	2876.925	2727.195	2827.875	
DOLCHAH.mat	"o22"	350.835	488.150	523.292	541.419	526.195	502.550	3262.053	3207.675	3291.619	3288.441	
DOLCHAH.mat	"ah22"	780.101	945.869	836.669	716.166	789.355	1002.088	2027.474	1651.488	1132.880	3274.758	
DONQEXZ.mat	"o22"	68.758	223.202	560.236	577.394	627.881	477.256	2852.012	2862.065	3347.279	2356.003	
DONQEXZ.mat	"ex22"	537.954	713.902	654.001	576.352	653.275	736.552	2629.268	2009.565	2950.519	2937.999	
DUMAHN.mat	"u22"	66.289	173.874	536.995	674.224	435.538	496.485	2332.849	2872.098	2519.894	1611.410	
DUMAHN.mat	"ah22"	262.059	406.682	1016.678	774.316	1060.477	1213.416	3017.829	2394.782	3373.760	3292.521	
DUSAHX.mat	"u22"	81.961	209.275	694.431	470.155	323.530	1278.203	2621.766	2372.207	2190.974	3339.318	
DUSAHX.mat	"ah22"	358.782	498.945	832.836	711.227	823.067	967.530	2130.502	1374.435	2266.520	2755.452	
DXXBITAH.mat	"ex22"	89.234	181.228	453.386	488.792	511.875	360.938	2423.657	2540.370	1898.888	2855.535	
DXXBITAH.mat	"i22"	322.988	457.208	325.594	331.086	331.947	314.158	2699.850	2643.122	2690.543	2766.017	
DXXBITAH.mat	"ah22"	620.081	834.230	817.208	765.722	721.749	960.669	2163.400	1789.455	1721.043	2958.165	
DXXBITAH2.mat	"ex22"	202.983	278.654	528.396	498.259	469.472	610.147	2569.553	2530.307	2268.148	2911.340	
DXXBITAH2.mat	"i22"	402.868	548.498	342.314	325.185	308.259	392.794	2668.959	2535.176	2639.025	2833.318	
DXXBITAH2.mat	"ah22"	712.688	861.174	772.898	747.260	665.063	909.575	2026.522	2106.138	1438.094	2551.801	
DXXRELE2.mat	"xx22"	310.240	393.324	590.471	502.083	548.815	722.974	2420.395	2299.537	2709.835	2264.261	
DXXRELE2.mat	"e22"	524.341	680.922	602.440	570.701	566.305	669.604	2403.086	2208.017	2313.332	2688.953	
DXXRELE2.mat	"e22"	751.224	869.459	928.958	658.552	587.616	1529.593	2370.175	1838.260	2086.088	3183.102	
DXXRELE2.mat	"xx22"	3320.566	3410.041	519.773	505.743	533.827	520.431	2080.715	1979.254	2137.483	2122.598	
DXXRELE2.mat	"e22"	3552.243	3684.858	592.350	588.837	575.319	612.673	2182.472	2338.131	2234.721	1975.287	
DXXRELE2.mat	"e22"	3769.539	3873.394	1007.325	751.664	649.133	1610.192	2198.336	1863.358	2092.379	2635.030	
DXXRELE3.mat	"xx22"	227.074	310.407	485.034	458.969	512.474	484.867	2418.963	2388.719	2557.523	2313.959	
DXXRELE3.mat	"e22"	399.778	570.320	518.386	474.783	498.948	580.611	2285.639	2273.242	2321.954	2263.763	
DXXRELE3.mat	"e22"	662.802	809.119	685.130	524.422	537.577	983.881	2399.876	2184.941	2279.924	2728.122	
EXDAHHAH.mat	"ex22"	70.288	120.724	341.795	412.407	262.373	342.156	2627.389	2409.672	2589.245	2874.611	
EXDAHHAH.mat	"ah22"	398.119	517.203	722.780	584.604	624.597	958.034	2508.527	2321.234	2260.665	2894.766	
EXDAHHAH.mat	"ah22"	594.257	745.564	682.168	585.987	682.943	778.129	1983.071	1184.490	2261.827	2516.430	
EXDAHHAH2.mat	"ex22"	20.917	94.588	605.683	499.480	439.631	843.624	2521.532	2583.663	1963.009	3004.061	
EXDAHHAH2.mat	"ah22"	306.394	409.994	746.602	659.232	651.148	905.898	1993.437	1996.992	1150.403	2750.654	
EXDAHHAH2.mat	"ah22"	483.666	649.427	794.211	782.263	724.695	873.026	2771.423	3420.648	2465.805	2409.425	
EXSHKAHP.mat	"xx22"	156.043	173.107	2941.827	2345.791	3193.648	3343.517	3616.119	3456.132	3671.936	3738.328	
EXSHKAHP.mat	"ah22"	489.356	665.682	790.872	925.687	717.451	719.210	1863.544	3291.702	1118.022	1152.558	
EXSHKAHP2.mat	EXSHKAHP2.mat	1.000	654.000	1294.846	1665.796	974.310	1278.695	2737.061	3424.929	2100.296	2752.626	
EXTIAHR.mat	"e22"	188.308	272.362	707.226	533.790	522.788	1053.281	2217.942	2000.543	2087.435	2559.136	
EXTIAHR.mat	"i22"	482.498	591.274	418.818	417.430	400.365	438.178	2537.728	2561.052	2602.771	2451.580	
EXTIAHR.mat	"ah22"	591.274	735.225	698.965	577.855	642.045	882.603	2061.347	2115.764	1538.069	2542.677	
EXTIAHR.mat	"e22"	2156.185	2227.878	586.430	590.699	593.986	575.479	2087.012	2142.694	2086.474	2037.278	
EXTIAHR.mat	"i22"	2497.346	2608.594	396.911	392.640	386.447	411.547	2533.760	2525.769	2587.618	2488.898	
EXTIAHR.mat	"ah22"	2608.594	2781.647	638.403	551.396	627.028	735.006	1479.955	1953.252	1256.079	1232.163	
FAHLAH.mat	"ah22"	229.950	422.138	780.849	744.261	798.018	800.779	3510.087	3473.925	3544.662	3513.128	
FAHLAH.mat	"ah22"	500.517	618.621	687.344	649.151	587.718	821.354	1863.948	1046.749	1213.824	3315.549	
FAHLAH2.mat	"ah22"	821.759	1030.969	796.872	723.634	822.893	844.404	2371.736	1696.646	2242.518	3156.307	
FAHLAH2.mat	"ah22"	1112.155	1227.689	812.786	775.244	849.057	817.457	2589.000	1412.523	3196.518	3202.758	
FAHLAH3.mat	"ah22"	117.124	226.338	943.488	887.964	913.659	1028.318	2137.404	1958.588	1977.768	2471.668	
FAHLAH3.mat	"ah22"	460.209	635.613	868.947	931.875	914.212	760.960	3270.318	3453.282	3378.280	2983.305	
FEXRCHAH.mat	"ex22"	392.377	465.051	730.362	815.578	783.354	606.119	2211.360	2825.207	2030.168	1754.516	
FEXRCHAH.mat	"ah22"	729.322	892.289	711.381	626.999	693.263	813.657	1653.499	1707.503	1122.790	2112.766	
GORI.mat	"o22"	452.033	713.878	692.623	780.189	631.097	667.144	2894.405	2991.161	3055.690	2637.499	
GORI.mat	"i22"	764.325	913.265	470.944	331.377	315.856	765.377	2632.297	2435.059	2580.658	2883.128	
GORI2.mat	"o22"	452.033	680.247	695.084	708.414	687.310	688.402	3081.953	3515.209	3068.864	2665.750	
GORI2.mat	"i22"	749.912	908.460	341.640	364.955	345.159	314.311	2649.389	2586.957	2631.004	2732.049	
HABRAH.mat	"a22"	556.032	657.759	768.959	924.548	749.854	630.105	1728.291	1661.466	1383.737	2119.746	
HABRAH.mat	"ah22"	936.856	1054.234	753.628	652.226	675.162	931.200	1546.515	947.003	821.703	2838.483	
HABRAH2.mat	"a22"	342.271	476.742	766.142	989.572	832.947	478.794	2119.985	1722.403	1623.763	3019.688	
HABRAH2.mat	"ah22"	714.141	840.311	688.577	624.678	614.188	823.904	1495.782	1081.487	1119.220	2269.047	
HESTAH.mat	"e22"	285.993	381.888	568.816	464.538	465.823	770.875	2359.278	2495.898	2259.362	2318.545	
HESTAH.mat	"ah22"	663.452	828.718	716.744	623.401	669.564	856.951	1582.787	1388.082	1254.178	2098.501	
JABAHRAH.mat	"a22"	788.171	902.966	562.921	522.221	646.972	520.626	2184.253	2264.490	1977.109	2307.692	
JABAHRAH.mat	"ah22"	1059.216	1240.976	761.399	741.001	809.193	737.063	2680.130	3068.911	2994.996	1987.343	
JABAHRAH.mat	"ah22"	1307.940	1448.246	740.715	621.811	655.379	939.180	1899.423	1462.835	1272.092	2922.688	
KALO.mat	"a22"	474.761	653.482	896.316	841.985	896.984	949.209	2317.023	1746.475	1951.337	3261.473	
KALO.mat	"o22"	724.088	969.003	782.596	761.033	742.782	841.773	3029.010	3013.631	2903.174	3178.084	
KORULAH.mat	"o22"	521.070	683.445	535.360	531.979	603.070	473.424	2615.764	2975.351	3185.174	1707.055	
KORULAH.mat	"u22"	753.034	912.831	449.666	422.228	443.971	482.486	3016.204	2977.923	3006.449	3063.375	
KORULAH.mat	"ah22"	1003.040	1149.950	784.286	747.518	739.734	867.360	3436.536	3517.184	3356.618	3433.568	
LOTI.mat	"o22"	271.747	457.860	662.535	702.998	624.767	653.011	3041.920	2971.136	3145.528	2975.392	
LOTI.mat	"i22"	612.955	785.498	638.514	422.267	327.753	1160.374	2821.988	2710.776	2717.614	3035.979	
MALAX2.mat	MALAX2.mat	1.000	737.000	1032.374	891.998	812.798	1418.859	2283.841	2639.332	1961.530	2298.535	
MALU.mat	"a22"	409.657	667.356	1074.163	1119.379	1083.862	1018.864	2803.895	3109.804	2018.395	3262.612	
MALU.mat	"u22"	760.474	925.056	503.090	500.707	447.312	559.612	3237.998	3253.380	3286.189	3177.925	
MARILAH.mat	"a22"	194.592	320.286	615.781	503.017	680.603	662.794	1527.802	1395.820	1490.370	1693.753	
MARILAH.mat	"i22"	388.964	521.136	345.371	363.099	337.960	334.812	2702.490	2637.664	2699.684	2769.291	
MARILAH.mat	"ah22"	610.547	742.719	803.994	699.495	811.374	901.646	3038.452	2378.614	3316.056	3433.377	
MARILAH2.mat	"a22"	164.789	316.398	586.644	466.532	596.201	698.632	1478.105	1348.050	1452.485	1633.623	
MARILAH2.mat	"i22"	394.147	526.319	342.348	358.397	336.804	331.657	2714.092	2657.344	2701.346	2782.121	
MARILAH2.mat	"ah22"	624.801	738.832	827.450	777.845	811.856	892.205	3179.563	2790.318	3321.716	3435.995	
MARILAH3.mat	"a22"	598.157	746.091	811.414	705.736	1004.593	725.857	1499.119	1591.034	1250.922	1651.586	
MARILAH3.mat	"i22"	849.645	953.199	351.008	352.134	348.615	352.317	2637.447	2597.005	2619.900	2694.544	
MARILAH3.mat	"ah22"	1039.000	1154.389	861.129	708.320	851.575	1024.924	2799.767	2019.282	3114.694	3273.506	
MAROE.mat	"a22"	226.185	367.993	1096.085	1115.875	1259.843	915.223	3055.153	3381.923	3396.565	2388.920	
MAROE.mat	"o22"	480.121	608.737	646.392	688.884	598.340	646.757	2744.933	3185.478	2876.387	2137.506	
MAROE.mat	"e22"	608.737	811.556	762.585	528.326	500.336	1248.046	2647.175	2259.058	2624.993	3051.215	
MAROE3.mat	"a22"	575.239	732.716	885.115	733.079	1155.870	763.756	2348.056	1937.719	3282.570	1837.774	
MAROE3.mat	"o22"	829.827	987.304	609.460	576.113	649.313	604.420	2664.308	3140.296	3043.570	1816.158	
MAROE3.mat	"e22"	987.304	1157.904	644.778	547.376	509.337	872.976	2474.551	2417.244	2413.795	2590.805	
MRELE.mat	"e22"	334.521	518.158	573.819	563.326	550.560	606.970	2169.321	2133.877	2231.449	2145.678	
MRELE.mat	"e22"	598.499	762.050	950.696	756.303	569.136	1523.337	2531.745	2396.742	2328.539	2868.282	
MXXRAHD.mat	"xx22"	1000.909	1116.997	542.173	577.898	554.567	496.521	2194.690	3133.195	2211.039	1236.204	
MXXRAHD.mat	"ah22"	1242.016	1451.868	755.401	820.241	689.825	754.969	1989.302	2558.697	1466.804	1924.819	
NATORE.mat	"ah22"	164.661	273.258	1036.259	1022.672	1128.604	960.159	1880.361	2005.520	1435.372	2178.632	
NATORE.mat	"o22"	413.529	562.849	598.470	631.980	567.333	595.155	2991.250	2767.168	3373.475	2839.367	
NATORE.mat	"e22"	651.839	795.126	682.790	512.548	551.170	976.159	2342.480	2143.799	2271.243	2606.248	
ORDU.mat	"o22"	59.735	237.512	622.579	556.068	744.475	568.597	2026.845	1157.137	2885.219	2024.108	
ORDU.mat	"u22"	388.812	535.383	425.324	395.703	478.995	400.753	2675.050	2294.561	2585.718	3152.482	
PAGAH.mat	"a22"	504.404	726.266	870.293	967.933	975.859	669.343	1999.398	1766.548	1969.987	2257.747	
PAGAH.mat	"ah22"	810.272	954.590	795.977	800.889	762.255	820.215	2883.773	2917.296	3104.085	2597.143	
PASOXE.mat	"a22"	85.739	151.998	944.774	1055.630	665.719	1088.302	3110.334	3003.584	2787.035	3517.745	
PASOXE.mat	"o22"	300.176	465.220	574.012	606.280	559.085	555.719	3233.052	3222.142	3230.286	3249.333	
PASOXE.mat	"e22"	612.194	809.569	466.065	504.954	457.173	417.390	2439.320	2406.929	2493.876	2408.622	
PXXLIMAH.mat	"xx22"	811.849	938.196	783.212	658.450	875.795	818.438	3408.404	3380.261	3465.900	3382.231	
PXXLIMAH.mat	"i22"	1021.320	1134.367	364.543	348.287	367.802	377.962	2590.446	2620.137	2604.947	2546.216	
PXXLIMAH.mat	"ah22"	1230.790	1390.386	955.567	982.011	893.432	993.108	3271.012	3430.468	3045.118	3344.571	
PYAHLAH.mat	"ah22"	429.292	548.637	770.624	790.603	786.126	735.712	3156.514	3032.719	3154.683	3282.980	
PYAHLAH.mat	"ah22"	621.150	791.857	860.287	713.770	767.331	1097.318	3311.124	3320.152	3328.797	3285.088	
QETRAH.mat	"e22"	94.264	165.388	709.581	821.601	621.157	677.991	1843.048	1701.237	1618.375	2202.308	
QETRAH.mat	"ah22"	517.569	641.464	697.828	626.902	647.425	818.060	1672.746	1128.568	1108.918	2751.682	
QETRAH2.mat	"e22"	169.931	256.744	657.341	770.084	651.725	561.250	1715.102	1908.012	1557.701	1733.217	
QETRAH2.mat	"ah22"	557.559	700.900	674.188	660.483	669.862	691.793	1359.739	1252.267	1167.114	1650.954	
QEXNYAH.mat	"ex22"	898.115	971.248	595.238	562.434	584.277	639.021	1753.971	1713.216	1716.127	1831.204	
QEXNYAH.mat	"ah22"	1223.892	1390.104	836.394	671.713	854.837	980.538	1957.657	1913.773	1213.800	2735.732	
QEXTTAH.mat	"xx22"	2068.707	2115.938	707.684	582.453	650.492	879.043	2583.789	1405.446	2970.894	3241.330	
QEXTTAH.mat	"ah22"	2431.900	2573.594	762.913	680.991	707.275	896.106	1563.949	1250.123	1124.016	2282.812	
QIRAH.mat	"i22"	490.439	720.417	374.061	393.552	364.915	363.546	2638.732	2612.222	2697.733	2606.021	
QIRAH.mat	"ah22"	822.211	965.476	755.531	704.630	774.898	790.307	1423.577	1285.715	1187.708	1791.439	
RABTAH.mat	"a22"	131.341	220.224	781.664	698.191	836.259	814.752	1603.178	1720.076	1650.937	1437.673	
RABTAH.mat	"ah22"	476.032	608.272	802.635	722.124	798.743	890.240	1685.342	1227.996	1877.293	1917.213	
RESHAH2.mat	"e22"	120.977	320.049	556.401	508.487	439.687	719.052	2354.793	2143.343	2345.575	2574.547	
RESHAH2.mat	"ah22"	453.137	615.303	742.772	680.338	724.433	821.221	1764.685	1991.278	1332.218	1957.068	
RUB.mat	"u22"	343.559	533.391	456.782	467.779	432.754	469.008	2472.229	2045.967	2384.031	3010.163	
RUB2.mat	"u22"	270.377	409.336	403.493	414.970	458.537	338.839	2423.008	1702.572	2738.031	2830.322	
RUH.mat	"u22"	234.704	360.945	652.656	503.978	536.653	911.785	2976.629	2867.939	3078.714	3000.194	
RUZI.mat	"u22"	161.858	417.146	776.196	494.881	468.638	1361.457	2676.956	2577.582	2074.064	3379.696	
RUZI.mat	"i22"	481.288	699.373	599.843	578.080	349.830	868.641	2882.311	2955.728	2755.836	2933.461	
SALOE.mat	"a22"	243.830	354.346	762.894	710.130	814.254	765.850	1347.243	1400.098	1358.311	1283.817	
SALOE.mat	"o22"	448.004	603.476	636.752	591.222	599.567	720.607	2910.690	2815.435	2997.972	2923.826	
SALOE.mat	"e22"	603.476	833.874	747.113	594.014	499.241	1141.716	2355.291	1927.886	2414.130	2724.331	
SESQE.mat	"e22"	979.474	1066.109	766.355	423.710	803.082	1105.783	2656.010	2356.430	2552.589	3063.265	
SESQE.mat	"e22"	1305.801	1487.735	754.341	604.065	509.328	1139.389	2393.890	2099.499	2313.664	2761.807	
SEXTRAH.mat	"e22"	564.116	642.632	630.023	671.478	712.662	513.885	2373.843	1983.058	3055.927	2145.500	
SEXTRAH.mat	"ah22"	1001.566	1122.145	818.032	738.343	708.331	1001.088	1702.672	1176.020	1147.977	2751.981	
SHEMRAH.mat	"e22"	230.064	278.096	572.753	450.754	604.251	666.458	1956.156	2309.287	2002.271	1543.630	
SHEMRAH.mat	"ah22"	558.285	672.648	771.137	736.877	695.850	881.375	1545.020	1365.605	1233.099	2019.471	
SHXXWAHWAH.mat	"xx22"	227.542	354.791	431.800	429.839	393.703	469.161	2916.174	2496.316	3133.357	3120.565	
SHXXWAHWAH.mat	"ah22"	411.144	594.747	875.892	897.145	911.379	819.227	1511.307	1414.722	1408.416	1708.535	
SHXXWAHWAH.mat	"ah22"	674.733	832.886	657.145	584.530	646.641	735.979	2020.452	1951.253	1588.591	2473.486	
SHXXWAHWE.mat	"xx22"	499.034	627.785	472.151	503.489	470.246	444.040	3091.272	2847.715	3028.531	3400.110	
SHXXWAHWE.mat	"ah22"	748.318	992.123	916.173	951.237	950.361	845.994	1833.395	1194.950	1294.235	3001.446	
SHXXWAHWE.mat	"e22"	1096.219	1287.976	729.714	533.216	475.444	1172.550	2527.696	2351.768	2363.782	2861.721	
SIWAH.mat	"i22"	395.200	632.122	385.082	358.036	332.094	463.919	2662.861	2654.241	2684.664	2650.223	
SIWAH.mat	"ah22"	714.949	874.824	797.690	844.570	766.440	773.184	2968.262	3074.962	3261.055	2531.177	
SOL.mat	"o22"	448.292	738.382	566.774	584.532	624.813	491.137	3066.218	2803.777	3277.152	3122.390	
SOMAH.mat	"o22"	189.498	431.765	701.248	803.231	737.332	557.861	3082.690	3092.122	3202.782	2928.038	
SOMAH.mat	"ah22"	509.516	654.876	917.119	818.900	869.014	1046.761	3274.525	3313.987	3116.346	3347.729	
SXXBOTAH.mat	"xx22"	451.805	541.059	672.128	578.475	632.374	800.005	2566.105	1891.740	2926.792	2904.519	
SXXBOTAH.mat	"o22"	607.362	780.770	538.100	531.498	468.522	607.702	2517.320	2389.197	2293.663	2800.602	
SXXBOTAH.mat	"ah22"	905.725	1051.082	821.206	817.631	915.729	726.632	2670.902	3159.218	3440.718	1429.784	
SXXLOLAH.mat	"xx22"	512.114	668.656	577.600	774.102	533.905	429.953	3167.855	2997.076	3132.081	3374.322	
SXXLOLAH.mat	"o22"	684.712	933.573	580.919	578.496	619.715	544.661	3281.774	3260.139	3356.964	3229.227	
SXXLOLAH.mat	"ah22"	975.719	1132.261	826.689	642.855	834.948	1004.068	3194.083	3074.540	3326.528	3184.624	
SXXWELE2.mat	"xx22"	235.848	285.764	478.180	469.654	486.605	479.611	2478.701	1825.879	2391.482	3190.364	
SXXWELE2.mat	"e22"	429.707	557.399	520.090	512.270	487.963	559.673	2301.562	2205.939	2426.401	2273.529	
SXXWELE2.mat	"e22"	651.427	716.434	1081.744	1046.266	576.695	1598.907	2574.420	2705.241	1976.001	3009.418	
SXXWELE3.mat	"xx22"	426.554	481.543	596.898	480.773	647.577	661.216	2415.189	1242.498	2810.491	3122.718	
SXXWELE3.mat	"e22"	566.318	747.322	502.901	529.117	500.211	478.801	2270.553	2116.100	2417.034	2283.669	
SXXWELE3.mat	"e22"	836.679	912.289	1110.293	580.553	845.189	1909.325	2473.113	1813.521	2323.625	3282.429	
SXXWELE4.mat	"xx22"	192.635	246.153	641.471	657.951	671.155	597.118	2755.154	2043.502	2842.159	3305.034	
SXXWELE4.mat	"e22"	348.636	553.602	597.643	670.721	554.571	567.127	2130.840	2286.569	2212.769	1898.120	
SXXWELE4.mat	"e22"	625.341	732.378	980.260	881.662	551.153	1499.540	2526.496	2491.324	2142.779	2934.005	
SXXYOT.mat	"xx22"	291.132	372.269	2195.202	2069.618	2055.984	2460.571	3744.486	4038.105	3685.008	3516.711	
SXXYOT.mat	"o22"	497.803	655.486	659.382	539.635	642.013	794.612	2634.829	2516.447	2705.594	2677.945	
SXXYOT2.mat	"xx22"	406.490	461.021	2581.274	2382.231	2428.120	2937.330	3942.523	4097.094	3874.569	3846.867	
SXXYOT2.mat	"o22"	543.760	716.757	650.007	629.946	661.636	656.520	2554.072	2559.285	2594.230	2464.617	
SYOT.mat	"o22"	488.618	649.362	600.825	512.461	646.960	644.429	2615.855	2434.005	2935.848	2449.369	
SYOT2.mat	"o22"	536.238	714.877	625.572	601.915	668.300	610.231	2538.929	2630.700	2612.197	2369.981	
TAHLAHNAH2.mat	"ah22"	388.313	534.050	760.553	831.050	918.175	541.636	2437.498	2536.049	3128.759	1690.008	
TAHLAHNAH2.mat	"ah22"	604.950	811.739	1007.359	931.739	1089.111	998.171	2192.727	1086.187	2941.755	2553.130	
TAHLAHNAH2.mat	"ah22"	898.394	1040.193	1095.573	1285.562	999.507	998.302	3212.892	3206.554	3232.344	3198.745	
TAHLANAH.mat	"ah22"	268.768	393.756	713.486	701.699	752.886	687.974	2970.487	2885.787	3192.399	2838.309	
TAHLANAH.mat	"a22"	471.618	715.448	790.871	763.540	700.707	905.196	1664.193	1141.697	1363.776	2479.655	
TAHLANAH.mat	"ah22"	778.967	955.180	937.031	759.099	999.781	1059.005	2870.266	2326.387	3067.476	3233.421	
TAHLANAH3.mat	TAHLANAH3.mat	1.000	996.000	973.257	1203.580	925.409	794.658	3007.832	2987.956	3233.933	2785.921	
TAHYFAH.mat	"ah22"	93.071	150.911	684.897	748.335	685.111	624.934	1445.473	1657.473	1246.715	1420.757	
TAHYFAH.mat	"ah22"	435.382	565.516	763.512	747.199	807.713	738.360	1217.625	1100.692	1479.925	1120.839	
TENAH2.mat	"e22"	1318.848	1509.280	444.674	520.827	496.721	316.930	2270.816	2397.495	2310.124	2105.264	
TENAH2.mat	"ah22"	1584.451	1749.827	1008.706	820.426	1022.471	1181.277	2725.746	2053.009	2823.423	3296.387	
TEXMMA.mat	"ex22"	764.283	818.252	624.176	595.779	636.759	641.348	1666.405	1898.421	1814.823	1292.086	
TEXMMA.mat	"ah22"	1068.668	1254.321	740.456	651.938	584.794	981.396	1998.921	1074.647	1555.168	3361.238	
TINAH.mat	"i22"	493.853	705.951	342.373	326.073	346.285	354.823	2700.540	2722.958	2709.446	2669.094	
TINAH.mat	"ah22"	781.550	953.748	697.988	440.597	552.290	1095.902	2274.346	1802.451	1624.537	3380.489	
TOR.mat	"o22"	169.575	415.028	615.613	606.902	689.690	551.635	3143.013	3130.083	3080.297	3218.253	
TOR2.mat	"o22"	293.388	548.590	602.672	656.800	636.903	514.960	2206.760	2878.006	2496.742	1257.985	
TORE.mat	"o22"	420.752	653.871	773.826	456.435	538.280	1316.658	2202.525	1644.134	2134.360	2819.210	
TORE.mat	"e22"	717.630	896.952	0	0	0	0	0	0	0	0	
TORE2.mat	"o22"	426.729	659.848	691.489	701.042	633.917	739.921	2618.379	3254.552	2416.170	2199.280	
TORE2.mat	"e22"	711.652	902.930	644.067	563.425	551.998	812.811	2342.071	2069.520	2332.724	2618.760	
TORE3.mat	"o22"	234.962	438.873	1452.377	1715.966	1446.549	1191.499	3203.495	3266.100	2989.732	3348.172	
TORE3.mat	"e22"	497.291	627.353	678.953	610.954	679.385	748.359	2493.746	2137.009	2876.668	2497.978	
TOREV.mat	"o22"	250.528	440.856	642.392	598.811	659.502	671.391	2598.508	2650.852	3114.313	2060.043	
TOREV.mat	"e22"	485.815	709.112	567.466	535.166	550.766	615.965	2182.226	1885.942	2174.999	2485.137	
TOTAH.mat	"o22"	548.272	701.765	616.388	587.124	643.596	617.937	2884.642	3047.180	2902.653	2662.702	
TOTAH.mat	"ah22"	855.258	987.683	814.799	764.090	766.609	916.199	1562.107	1162.850	1214.783	2299.042	
TXXRELE.mat	"xx22"	127.166	188.036	557.500	561.604	570.682	540.238	1902.417	1989.370	1951.557	1765.992	
TXXRELE.mat	"e22"	304.529	475.595	621.711	602.108	610.634	651.987	2136.921	2138.933	2225.884	2050.056	
TXXRELE.mat	"e22"	553.257	680.244	601.967	656.001	600.841	547.397	2228.419	2042.140	2250.313	2397.081	
XAHNAH.mat	"ah22"	384.191	569.383	754.600	824.652	796.584	641.704	1335.389	1396.361	1325.270	1283.491	
XAHNAH.mat	"ah22"	659.720	762.103	651.517	475.160	477.295	1003.765	2320.231	1363.103	1557.745	4051.597	
XAHNAH2.mat	"ah22"	646.209	892.159	1215.165	1021.331	1306.367	1319.696	2791.805	1902.258	3245.666	3235.098	
XAHNAH2.mat	"ah22"	966.144	1092.118	1123.057	1250.181	1143.880	975.257	3306.032	3284.507	3476.184	3161.842	
XALOQE.mat	"ah22"	650.268	747.292	841.319	1113.740	783.705	614.407	1799.127	2752.124	1298.789	1284.158	
XALOQE.mat	"o22"	835.495	1020.722	563.602	542.129	580.546	568.353	2723.469	1470.291	3366.662	3355.617	
XALOQE.mat	"e22"	1123.627	1282.393	834.359	532.149	500.429	1451.216	2412.010	1886.188	2161.383	3174.956	
XEXLTAH.mat	"ex22"	189.146	329.234	659.190	612.093	697.454	668.637	2277.101	1435.269	2408.820	2998.482	
XEXLTAH.mat	"ah22"	532.298	719.939	777.085	722.779	749.557	861.640	2135.419	1315.187	2198.925	2899.088	
XEXPNAH.mat	"ex22"	139.471	188.758	605.987	653.272	582.155	564.529	1769.215	1388.953	912.898	2872.177	
XEXPNAH.mat	"ah22"	426.620	563.765	993.848	565.164	1170.738	1229.539	2584.130	1329.817	3090.722	3292.796	
XEXPNAH2.mat	"ex11"	283.319	343.938	835.203	861.526	842.389	803.441	2202.440	2680.161	1769.826	2143.274	
XEXPNAH2.mat	"ah11"	599.042	755.640	1086.197	1073.593	1113.117	1072.732	3061.359	2598.941	3256.929	3332.129	
XEXPNAH3.mat	"ex22"	321.543	405.999	629.457	726.292	722.654	449.164	1767.110	1394.360	1069.571	2864.748	
XEXPNAH3.mat	"ah22"	639.492	810.059	947.197	753.087	1072.740	1008.857	2661.552	1954.477	3058.494	2954.781	
XEXRXEXRAH.mat	"ex22"	381.110	475.357	753.203	983.040	670.870	593.808	1868.279	2554.037	1536.679	1471.419	
XEXRXEXRAH.mat	"ex22"	631.125	684.793	624.945	658.426	613.326	603.447	1440.881	1393.708	1452.158	1479.140	
XEXRXEXRAH.mat	"ah22"	830.090	929.572	816.461	789.122	799.684	860.326	1317.388	1180.810	1159.664	1589.161	
XEXRXEXRAH2.mat	"ex22"	567.704	685.432	635.566	613.788	617.340	674.120	1696.285	1632.011	1729.019	1725.518	
XEXRXEXRAH2.mat	"ex22"	818.601	878.430	637.755	634.430	646.477	632.691	1485.909	1463.144	1479.431	1513.979	
XEXRXEXRAH2.mat	"ah22"	1036.688	1123.536	724.803	729.367	716.642	727.985	1116.389	1202.825	1140.126	1007.741	
XEXSLAH.mat	"ex22"	182.943	248.025	624.069	510.687	518.056	829.164	1985.108	2235.866	1417.366	2223.086	
XEXSLAH.mat	"ah22"	535.886	657.288	778.426	781.081	761.103	791.610	1618.228	1816.312	1172.063	1852.486	
XEXTTE.mat	"ex22"	474.938	525.687	572.968	668.531	562.148	486.324	1599.465	1903.976	1380.954	1486.695	
XEXTTE.mat	"e22"	794.658	967.205	491.958	502.174	505.657	467.810	2454.309	2301.240	2537.235	2525.035	
YAHRAH.mat	"ah22"	284.041	511.370	869.047	738.952	849.017	1022.871	2251.051	1564.208	2347.494	2876.049	
YAHRAH.mat	"ah22"	624.272	744.803	811.241	868.091	787.141	781.357	2024.430	2600.281	1574.628	1909.090	
YAHRAH2.mat	"ah22"	2707.583	2881.618	1007.414	1084.283	1118.032	823.771	2760.811	3145.952	3033.498	2114.319	
YAHRAH2.mat	"ah22"	2953.633	3097.663	816.696	804.473	741.189	901.766	1823.248	1837.204	1253.588	2348.792	
YAHRAH3.mat	"ah22"	1024.195	1194.231	730.838	620.803	817.040	760.230	1699.449	2051.673	1591.489	1441.059	
YAHRAH3.mat	"ah22"	1360.865	1483.291	846.565	873.432	767.017	897.308	1589.981	1139.864	1377.417	2225.293	
YXXQERRI.mat	"xx11"	438.514	516.514	751.144	472.126	529.673	1234.651	2265.651	2413.512	2175.549	2205.271	
YXXQERRI.mat	"e11"	609.514	726.515	567.274	654.511	583.137	463.384	2291.439	2418.333	2333.560	2126.217	
YXXQERRI.mat	"i11"	771.515	897.515	375.079	303.722	319.092	499.861	2680.707	2583.588	2651.194	2806.129	
amrah.mat	"a11"	190.461	324.170	1167.246	1273.675	1588.755	644.458	2293.378	2206.761	2896.821	1774.638	
amrah.mat	"ah11"	634.320	754.245	804.265	777.594	848.768	787.159	2305.407	2626.665	2391.470	1882.341	
arah.mat	"a11"	842.313	1155.680	794.943	825.546	822.872	737.230	2013.843	2025.712	2005.801	2009.370	
arah.mat	"ah11"	1278.569	1392.241	805.168	683.493	677.106	1054.757	2117.068	1351.738	1867.370	3118.675	
axni.mat	"a11"	144.264	247.081	1095.095	760.491	909.956	1625.613	2382.540	1998.839	2079.126	3085.805	
axni.mat	"i11"	551.795	763.038	749.723	948.030	577.051	748.489	2924.689	3097.639	2797.796	2890.792	
bali.mat	"a11"	29.369	310.265	1083.909	991.480	1166.394	1096.070	2228.329	1252.119	2399.062	3040.532	
bali.mat	"i11"	490.482	642.509	807.883	346.025	310.686	1747.955	2897.644	2754.133	2780.688	3154.546	
bamah.mat	"a11"	142.769	326.415	970.862	920.904	911.997	1082.366	2245.916	1253.120	2014.089	3473.924	
bamah.mat	"ah11"	389.342	581.977	845.433	815.037	891.140	832.044	3318.462	2915.972	3516.822	3536.664	
bastah.mat	"a11"	765.666	845.100	749.554	762.335	802.280	684.675	2064.137	2084.932	2057.953	2048.494	
bastah.mat	"ah11"	1120.471	1266.100	770.104	639.624	772.402	899.478	1736.677	1726.185	1286.582	2188.936	
baxtah.mat	"a11"	90.217	199.688	819.311	688.695	806.016	961.432	2137.093	2099.221	2154.485	2158.136	
baxtah.mat	"ah11"	491.610	658.249	710.909	643.239	700.308	788.852	1587.866	1549.386	1023.201	2188.345	
belah.mat	"e11"	397.973	605.239	610.138	788.532	454.249	582.799	2337.551	2547.685	2389.627	2075.234	
belah.mat	"ah11"	700.413	838.377	895.718	959.277	896.161	831.979	3203.855	3216.048	3174.578	3219.264	
belah2.mat	"e11"	941.756	1125.052	486.801	467.799	481.370	511.112	2306.808	2317.707	2352.528	2250.999	
belah2.mat	"ah11"	1241.374	1414.095	820.906	829.992	704.877	928.105	1844.487	1761.825	1075.471	2681.791	
blane.mat	"a11"	290.659	541.016	702.908	873.432	727.716	507.826	1429.004	1366.545	1455.366	1465.272	
blane.mat	"e11"	656.895	787.081	941.995	313.934	364.974	2132.911	2751.266	2351.430	2469.897	3428.699	
blane2.mat	"a11"	170.687	379.745	450.406	500.342	501.908	349.694	1476.391	1440.943	1650.232	1333.788	
blane2.mat	"e11"	523.293	647.415	360.572	382.747	351.862	327.832	2692.627	2613.450	2714.766	2833.028	
buz2.mat	"u11"	243.712	482.023	814.834	1766.714	308.340	361.893	2726.448	3151.819	2368.203	2654.746	
chiBAHN2.mat	chiBAHN2.mat	1.000	2149.000	1343.986	1527.231	1025.145	1488.848	2919.577	3023.411	2851.669	2885.266	
dewah.mat	"e11"	156.352	431.754	463.606	425.134	475.298	490.652	2410.467	2471.813	2443.540	2317.136	
dewah.mat	"ah11"	530.111	689.942	764.000	718.720	770.214	801.786	2997.828	3052.204	3152.192	2792.764	
dexmmah.mat	"ex11"	497.815	576.353	708.359	578.421	697.746	854.929	2134.090	1932.802	1548.783	2936.358	
dexmmah.mat	"ah11"	847.667	1071.382	945.921	961.040	835.937	1043.789	2871.307	3279.362	2683.923	2656.052	
dexqnah.mat	"ex11"	391.903	449.771	773.365	593.764	697.249	1025.230	2378.521	2086.667	1761.783	3245.994	
dexqnah.mat	"ah11"	754.542	939.720	1054.088	1087.366	1041.738	1033.577	3313.800	3317.543	3299.600	3322.992	
diNAHR.mat	"i13"	180.559	309.964	1329.367	1741.897	246.435	1949.986	3350.566	3565.671	2773.836	3684.200	
diNAHR.mat	"ah33"	387.886	557.643	1289.864	1602.453	1173.911	1094.091	3274.201	3180.412	3278.902	3362.334	
diNAHR2.mat	"i13"	193.135	298.218	350.722	334.952	347.760	369.005	2665.355	2644.198	2666.071	2685.640	
diNAHR2.mat	"ah33"	421.453	519.849	761.748	821.247	866.620	606.277	2113.421	2591.867	2455.900	1300.199	
diNAHR3.mat	"i13"	184.147	314.943	1257.544	1543.946	247.017	1913.532	3310.293	3480.944	2764.561	3649.325	
diNAHR3.mat	"ah33"	434.608	579.320	1100.817	1211.464	1088.946	1002.682	3163.089	3261.625	3374.684	2859.947	
diVAHNXAHNAH.mat	"i13"	276.852	394.194	357.373	341.996	363.679	366.841	2542.315	2544.743	2599.156	2485.596	
diVAHNXAHNAH.mat	"ah33"	464.600	631.487	828.727	732.244	890.470	865.840	2597.175	1952.857	2726.637	3138.928	
diVAHNXAHNAH.mat	"ah33"	774.906	879.210	1027.828	875.239	936.516	1271.831	2574.562	2443.316	1814.955	3418.520	
diVAHNXAHNAH.mat	"ah33"	952.223	1095.642	805.262	426.645	1177.012	827.193	2640.239	1685.119	3436.750	2831.988	
din.mat	"i11"	554.584	709.199	578.000	366.086	929.051	425.710	2734.437	2639.229	2980.421	2575.160	
dizah.mat	"i11"	158.690	387.878	438.980	323.044	296.254	690.995	2746.478	2596.932	2707.402	2929.779	
dizah.mat	"ah11"	495.269	698.263	659.219	555.475	618.144	804.482	1636.549	1774.928	1184.693	1943.407	
dushMAHN.mat	"u13"	42.552	132.761	618.422	525.365	395.458	919.145	2604.682	2491.509	2475.156	2838.455	
dushMAHN.mat	"ah33"	397.075	511.640	1079.759	918.920	938.622	1366.030	1941.853	1682.242	1242.959	2844.494	
dushMANAHT.mat	"u13"	151.201	228.485	851.665	495.457	364.290	1688.898	2878.571	2682.685	2719.341	3237.305	
dushMANAHT.mat	"a33"	471.376	561.541	831.042	722.032	1478.053	358.721	2056.593	2068.814	2520.439	1675.043	
dushMANAHT.mat	"ah33"	657.225	804.432	900.932	997.362	826.900	881.845	2605.896	2845.556	2097.841	2888.434	
dushMANAHT2.mat	"u13"	342.785	416.327	909.831	551.957	331.286	1821.905	2846.729	2653.741	2501.623	3370.828	
dushMANAHT2.mat	"ah33"	680.065	773.895	405.193	405.605	408.975	402.633	1714.971	1719.014	1588.290	1836.874	
dushMANAHT2.mat	"ah33"	837.293	999.593	800.759	411.188	834.491	1131.677	2423.008	1710.986	2662.656	2846.972	
duzgun.mat	"u11"	218.206	375.310	893.189	1233.905	546.211	870.343	2821.188	3137.614	2524.870	2773.306	
duzgun.mat	"u11"	576.336	730.061	380.367	316.878	425.242	401.668	2300.541	2395.444	2267.578	2235.267	
duzgunleg.mat	"u11"	77.188	223.978	681.168	409.338	357.070	1263.905	2821.377	2501.403	2531.869	3410.968	
duzgunleg.mat	"u11"	398.727	500.082	371.487	362.910	387.308	365.192	2325.204	2438.036	2279.490	2254.481	
duzgunleg.mat	"e11"	660.852	828.611	478.572	526.377	507.912	402.326	2392.537	2310.030	2288.638	2576.912	
duzulah.mat	"u11"	46.679	217.437	973.560	924.588	325.168	1660.312	2621.158	2692.186	2176.932	2985.616	
duzulah.mat	"u11"	318.526	483.819	438.478	531.428	400.353	382.103	2213.239	2390.726	2291.867	1955.204	
duzulah.mat	"ah11"	572.613	757.031	891.594	925.811	864.217	879.467	2901.104	2714.671	3224.588	2770.063	
dxxrele.mat	"xx11"	496.909	605.097	462.717	462.015	504.672	423.524	2453.190	2395.452	2398.678	2565.604	
dxxrele.mat	"e11"	690.102	825.338	895.880	1390.539	473.159	801.987	2640.895	2728.460	2498.819	2687.820	
dxxrele.mat	"e11"	903.581	1033.021	791.211	524.768	508.849	1326.587	2562.512	2278.896	2380.992	3020.003	
etROG.mat	"e13"	192.092	314.187	823.399	1589.959	477.908	377.483	2601.611	3051.833	2404.203	2337.317	
etROG.mat	"o33"	551.667	671.079	550.975	495.225	562.344	595.472	1947.480	1529.685	1829.842	2458.785	
etROG2.mat	"e13"	44.507	158.131	483.945	514.877	489.645	448.175	2302.574	2389.880	2364.372	2163.276	
etROG2.mat	"o33"	349.019	453.552	611.095	544.863	625.797	661.870	1785.885	1514.930	1165.809	2644.165	
exchah.mat	"ex11"	236.387	278.888	800.805	1049.267	682.563	626.961	2928.109	2996.883	2613.967	3075.464	
exchah.mat	"ah11"	588.991	757.422	737.112	640.386	668.054	900.423	1891.713	1956.169	1329.216	2373.147	
exchi.mat	exchi.mat	1.000	1343.000	1456.667	1466.927	1437.479	1462.108	3024.568	2853.936	3222.749	2982.767	
exsteKAHN.mat	"ex13"	33.016	84.923	630.421	419.732	397.802	1054.384	2672.971	2168.246	2808.292	3027.090	
exsteKAHN.mat	"e13"	281.621	345.821	519.278	487.333	517.531	549.649	2188.822	2131.144	2071.404	2342.858	
exsteKAHN.mat	"ah33"	476.953	634.039	592.631	833.402	579.607	363.998	1279.098	1192.761	1216.113	1428.560	
faiTON.mat	"a13"	653.930	733.900	764.838	887.400	754.831	651.965	1898.477	1746.776	1788.867	2149.251	
faiTON.mat	"i13"	733.900	846.533	417.202	512.580	381.167	359.004	2483.792	2409.467	2445.474	2594.775	
faiTON.mat	"o33"	997.462	1152.896	558.501	670.685	562.425	443.127	1874.040	2906.376	1676.623	1049.554	
faiTON.mat	"a13"	3853.173	3952.291	701.969	822.617	700.262	582.486	1974.875	2047.008	1772.924	2094.709	
faiTON.mat	"i13"	3952.291	4044.650	438.751	451.481	368.378	492.498	2402.351	2376.753	2486.201	2347.420	
faiTON.mat	"o33"	4191.073	4346.507	539.635	593.791	623.722	402.085	1155.608	1146.885	1021.779	1295.365	
fakurah.mat	"a11"	1153.260	1265.731	823.392	618.070	647.409	1189.424	2381.119	2136.795	2244.214	2753.618	
fakurah.mat	"u11"	1426.606	1613.108	354.501	310.788	363.578	389.288	2257.598	2199.101	2227.981	2347.007	
fakurah.mat	"ah11"	1689.987	1840.897	730.892	616.464	791.186	781.446	1997.230	1827.178	2185.271	1953.085	
fandaBAHZ.mat	"a13"	20.318	123.444	701.981	744.721	704.526	661.546	1945.996	1858.249	1904.263	2063.277	
fandaBAHZ.mat	"a13"	238.625	305.590	531.654	557.364	570.592	473.154	2303.466	2041.533	1770.814	3076.835	
fandaBAHZ.mat	"ah33"	403.359	545.325	660.672	631.800	664.979	687.634	1845.475	1318.582	1457.487	2752.274	
fexnJAHN.mat	"ex13"	228.701	285.360	658.669	659.464	663.596	653.072	1790.356	1401.994	1691.302	2270.287	
fexnJAHN.mat	"ah33"	587.860	777.043	808.508	587.547	1015.136	828.883	2784.543	2497.590	3343.768	2527.159	
fxxtu.mat	"xx11"	133.837	165.140	358.240	366.446	354.235	354.509	2267.026	2313.862	2150.817	2336.175	
fxxtu.mat	"u11"	351.252	502.647	521.412	816.999	381.993	357.479	2433.259	2646.151	2352.981	2294.928	
ghang.mat	"a11"	528.556	708.778	763.422	762.286	948.823	582.848	1600.343	1784.635	1477.676	1535.130	
ghang.mat	"a11"	1160.912	1322.162	912.244	566.200	1044.574	1134.329	2247.139	2059.463	1743.760	2938.212	
gilaNAHR.mat	"i13"	168.000	269.271	388.826	471.399	339.107	352.230	2612.623	2728.817	2530.055	2574.765	
gilaNAHR.mat	"a13"	354.718	541.436	507.613	577.677	495.750	449.580	1430.130	1532.602	1375.048	1381.672	
gilaNAHR.mat	"ah33"	618.971	845.248	842.068	1056.883	668.330	803.615	2138.096	3115.896	1682.041	1621.194	
gilaNAHR2.mat	"i13"	396.784	484.860	333.355	339.324	355.880	305.169	2465.676	2525.082	2503.204	2366.763	
gilaNAHR2.mat	"a13"	562.574	718.002	1087.126	814.397	1082.745	1359.502	2336.240	1817.842	2205.095	2974.334	
gilaNAHR2.mat	"ah33"	798.307	979.640	935.200	1103.266	1008.433	696.942	2385.884	2867.519	2797.299	1488.904	
gisanulah.mat	"i11"	304.855	407.754	681.425	722.868	283.870	1005.790	2958.059	3062.674	2586.533	3199.866	
gisanulah.mat	"a11"	563.152	710.151	508.809	599.850	547.134	381.354	2044.374	2210.510	1993.862	1937.183	
gisanulah.mat	"u11"	783.650	953.748	366.897	362.902	369.856	367.977	2262.572	2291.550	2260.840	2236.616	
gisanulah.mat	"ah11"	1044.047	1186.846	770.934	668.931	873.335	768.198	2348.421	1481.826	2962.444	2606.568	
gori3.mat	"o11"	182.287	479.315	526.328	350.777	341.691	882.630	2361.065	2285.736	2293.233	2503.063	
gori3.mat	"i11"	541.124	724.835	597.965	560.401	321.783	907.289	2714.474	2638.126	2594.967	2908.697	
gxxrexshlah.mat	"xx11"	1511.557	1577.564	499.590	486.073	507.214	506.590	2351.403	2607.307	2490.523	2004.539	
gxxrexshlah.mat	"ex11"	1624.320	1688.953	556.138	478.582	487.687	693.081	1800.164	1583.153	1652.911	2144.882	
gxxrexshlah.mat	"ah11"	1991.489	2116.629	733.768	661.689	624.120	913.308	1659.979	945.117	841.997	3156.525	
hawe.mat	"a11"	133.677	303.863	817.235	857.349	941.580	655.333	2121.346	2074.769	2322.869	1967.432	
hawe.mat	"e11"	371.562	513.540	508.309	482.898	507.490	533.932	2289.847	2217.976	2263.105	2385.406	
helaBAHZULAH.mat	"e13"	106.906	201.280	510.902	592.157	479.854	459.738	1910.530	2377.592	1671.562	1676.043	
helaBAHZULAH.mat	"a13"	341.093	472.168	760.406	806.652	696.355	771.930	3179.358	3254.047	3294.990	2995.227	
helaBAHZULAH.mat	"ah33"	533.336	671.401	653.215	800.755	768.902	391.465	3070.343	3230.632	2998.211	2980.613	
helaBAHZULAH.mat	"u33"	762.280	861.897	491.813	464.416	494.178	515.296	2953.241	2970.197	2954.733	2934.523	
helaBAHZULAH.mat	"ah33"	961.514	1090.841	801.604	723.055	715.243	966.185	2562.612	2487.281	1732.965	3452.550	
heyWAHN.mat	"ey13"	309.221	556.724	409.669	465.274	397.585	365.788	2436.619	2489.422	2395.036	2424.044	
heyWAHN.mat	"ah33"	677.505	818.086	605.450	790.544	637.894	392.765	1590.371	2322.170	1141.179	1304.495	
iJAHRAH.mat	"i13"	96.131	204.899	854.754	285.089	1323.068	980.179	3000.731	2696.481	3133.954	3190.691	
iJAHRAH.mat	"ah33"	319.391	524.046	620.561	489.549	621.862	754.985	2017.684	2262.564	1516.663	2282.304	
iJAHRAH.mat	"ah33"	627.089	751.599	745.403	657.427	724.266	851.755	1582.858	1371.631	1280.801	2074.588	
iJAHZAH.mat	"i13"	355.378	461.468	455.746	880.775	247.660	215.789	2832.390	2836.595	2638.568	3014.641	
iJAHZAH.mat	"ah33"	664.365	827.479	645.372	641.480	707.954	588.648	1931.764	1790.879	1100.024	2916.813	
iJAHZAH.mat	"ah33"	896.438	1078.117	770.737	712.594	824.342	774.518	2222.449	2271.128	2521.609	1874.116	
iYAHR.mat	"i13"	102.451	377.536	274.349	308.091	248.673	265.528	2608.933	2680.165	2583.592	2562.752	
iYAHR.mat	"ah33"	444.481	519.946	841.659	933.182	751.152	819.778	1972.905	2772.603	1481.305	1638.759	
idah.mat	"i11"	693.808	964.279	335.557	224.069	247.194	533.339	2595.975	2551.596	2539.646	2695.362	
idah.mat	"ah11"	1048.219	1250.295	677.350	607.457	667.116	750.979	1764.728	2011.237	1263.664	1992.587	
iman.mat	"i11"	223.548	390.524	332.021	305.351	318.541	371.376	2660.199	2689.660	2644.171	2647.842	
iman.mat	"a11"	512.125	659.136	1198.695	689.944	940.528	1969.768	2718.719	1991.593	2512.782	3654.664	
iqah.mat	"i11"	259.473	473.311	460.266	742.446	291.620	337.964	2704.111	2946.541	2600.668	2557.923	
iqah.mat	"ah11"	598.049	773.007	835.060	846.241	888.708	772.448	3108.177	2914.841	3385.971	3029.781	
iqanulah.mat	"i11"	275.700	388.118	386.976	304.233	366.414	489.033	2548.855	2620.267	2550.094	2475.541	
iqanulah.mat	"a11"	479.887	638.190	716.992	758.296	801.946	593.965	2040.251	1989.076	2093.667	2038.580	
iqanulah.mat	"u11"	709.311	869.908	371.086	372.768	373.543	367.308	2200.108	2234.318	2297.308	2071.788	
iqanulah.mat	"ah11"	950.206	1101.626	804.906	690.232	875.688	848.736	2971.200	2835.367	3125.660	2960.822	
ishtah.mat	"i11"	116.113	203.021	1281.802	299.261	1562.427	1992.783	3088.706	2569.262	3164.243	3534.010	
ishtah.mat	"ah11"	528.581	662.391	781.527	604.933	770.402	969.479	1973.110	1863.528	1226.703	2812.164	
ixalah.mat	"i11"	397.491	520.066	737.495	608.694	333.229	1250.702	2798.879	2790.253	2614.019	2977.858	
ixalah.mat	"a11"	655.964	887.790	953.167	960.183	1020.135	880.420	1582.731	1605.406	1183.136	1955.590	
ixalah.mat	"ah11"	962.401	1095.635	867.076	850.378	801.783	947.063	3166.359	3261.095	3118.395	3125.809	
ixalah2.mat	"i11"	265.702	362.662	911.861	509.268	536.784	1700.141	2855.382	2687.328	2692.336	3205.866	
ixalah2.mat	"a11"	505.251	727.690	1053.339	1092.477	1095.436	972.106	2851.339	2850.158	2855.513	2847.315	
ixalah2.mat	"ah11"	818.947	950.129	860.818	939.612	883.304	760.605	2759.988	3038.663	3171.411	2095.025	
jeyRAHN.mat	"ey13"	76.666	377.364	372.323	408.805	356.513	351.353	2631.950	2580.778	2633.219	2681.217	
jeyRAHN.mat	"ah33"	530.262	679.337	676.416	826.714	891.864	306.513	2032.295	1982.628	2736.396	1372.242	
jeyRAHN2.mat	"ey13"	119.140	368.262	362.247	372.918	379.569	333.891	2546.842	2537.834	2532.218	2570.312	
jeyRAHN2.mat	"ah33"	518.060	607.614	667.011	965.571	715.506	319.349	1942.317	2198.338	2197.131	1445.493	
juwe.mat	"u11"	605.995	717.422	896.652	2072.596	270.047	313.168	2633.138	3632.821	2157.507	2083.524	
juwe.mat	"e11"	821.582	937.854	897.925	467.141	483.910	1710.452	2599.944	2301.216	2414.161	3069.842	
jxxwanqah.mat	"xx11"	149.999	237.460	656.958	674.089	549.709	741.118	2712.792	2608.270	2518.181	3000.803	
jxxwanqah.mat	"a11"	283.493	377.860	1362.790	1310.972	1378.361	1400.292	3510.201	3437.984	3546.362	3548.695	
jxxwanqah.mat	"ah11"	585.006	757.628	776.112	765.336	784.941	777.686	2634.539	2899.902	2681.865	2303.425	
jxxwanqah.mat	"a11"	1770.428	1931.542	398.575	485.215	370.851	338.516	1217.082	1135.009	1223.810	1292.443	
jxxwanqah.mat	"ah11"	2088.052	2226.150	762.059	669.930	681.269	932.820	1584.896	1242.248	1190.084	2303.764	
karpichah.mat	"a11"	375.507	478.021	696.490	663.040	774.128	655.994	2262.085	2324.705	2263.386	2197.856	
karpichah.mat	"i11"	711.008	832.161	492.937	300.048	307.026	866.417	2771.795	2608.444	2592.376	3112.237	
karpichah.mat	"ah11"	1004.572	1137.374	698.815	598.058	676.374	820.710	1822.832	1884.550	1119.588	2443.441	
keryah.mat	"e11"	846.731	964.020	547.873	554.796	572.020	517.829	1984.366	1999.912	2048.351	1919.278	
keryah.mat	"i11"	999.641	1109.110	341.548	339.202	340.434	345.015	2521.832	2436.278	2553.999	2575.573	
keryah.mat	"ah11"	1191.647	1308.066	907.380	719.972	881.372	1113.217	2538.328	1566.767	2680.267	3335.963	
kexmmah.mat	"ex11"	1512.059	1576.393	777.174	1016.484	702.691	596.445	1820.503	2541.860	1274.510	1563.865	
kexmmah.mat	"ah11"	1784.882	1937.377	924.918	674.049	1056.603	1035.329	2878.213	2112.527	3281.108	3220.634	
kxwah.mat	"ah11"	424.016	584.624	696.212	649.198	623.760	815.214	2240.623	3092.098	1524.800	2084.434	
lelah.mat	"e11"	661.498	875.694	493.369	465.447	503.653	511.360	2373.621	2400.122	2327.634	2390.858	
lelah.mat	"ah11"	935.543	1111.939	878.752	804.235	777.551	1051.048	2462.030	2385.205	2093.680	2859.972	
lele.mat	"e11"	876.116	1063.012	495.221	556.668	472.749	455.811	2362.777	2543.663	2323.595	2220.684	
lele.mat	"e11"	1136.511	1270.908	619.107	505.923	500.494	843.409	2443.657	2211.854	2362.547	2746.715	
maNAH1.mat	"a13"	145.481	374.110	767.934	705.172	829.457	772.306	1600.111	1716.803	1536.483	1544.003	
maNAH1.mat	"ah33"	462.268	626.959	766.774	555.294	639.553	1109.974	2115.812	1537.781	1630.406	3188.563	
machit.mat	"a11"	77.128	187.029	723.003	411.933	395.628	1335.970	2473.413	2008.661	2133.350	3270.622	
machit.mat	"i11"	476.770	599.517	561.319	565.601	367.452	741.021	2831.447	2791.177	2679.768	3018.013	
machit.mat	"a11"	1418.765	1530.094	962.092	432.720	442.540	1982.612	2634.880	1885.489	2177.332	3814.861	
machit.mat	"i11"	1751.324	1872.644	642.203	375.479	341.144	1188.286	2746.318	2577.842	2542.831	3105.295	
malah.mat	"a11"	1230.976	1479.367	892.509	1043.501	727.836	912.541	2586.278	2769.585	1835.640	3182.497	
malah.mat	"ah11"	1556.990	1708.353	761.734	746.089	654.813	882.092	2412.923	3013.517	1514.185	2717.822	
maqe.mat	"a11"	303.606	522.428	569.335	509.010	579.687	620.360	1757.795	1791.748	1789.786	1692.631	
maqe.mat	"e11"	639.516	835.304	683.956	557.622	509.059	980.065	2580.226	2423.100	2480.616	2833.213	
maroe2.mat	"a11"	221.822	367.076	578.607	492.999	709.592	534.876	1950.936	1951.983	1986.829	1914.544	
maroe2.mat	"o11"	483.279	588.588	467.258	492.119	394.050	509.413	2204.967	2156.143	2173.213	2279.292	
maroe2.mat	"e11"	588.588	739.289	590.209	417.815	470.529	876.928	2489.564	2319.191	2393.063	2750.405	
maroe2.mat	"a11"	1683.454	1814.183	515.741	433.308	603.239	515.515	2093.671	1986.401	2143.682	2155.277	
maroe2.mat	"o11"	1915.860	2030.248	433.262	431.135	424.966	443.469	2260.144	2249.341	2289.549	2244.024	
maroe2.mat	"e11"	2030.248	2219.078	628.853	464.462	462.834	954.036	2442.141	2301.163	2347.709	2673.990	
mexsalah.mat	"ex11"	167.577	226.300	671.393	572.373	621.405	813.152	2030.990	1365.020	1994.938	2715.373	
mexsalah.mat	"a11"	363.322	559.067	899.295	715.089	1008.897	977.899	1279.221	1471.377	1257.377	1107.114	
mexsalah.mat	"ah11"	642.704	753.033	750.336	715.104	696.611	835.676	1414.537	1126.266	1046.167	2044.918	
mexsalah.mat	"ex11"	1226.113	1272.380	536.106	471.310	493.703	638.744	1590.896	1368.427	1394.924	2000.860	
mexsalah.mat	"a11"	1407.622	1598.028	790.440	716.289	809.666	845.669	1402.589	1461.976	1403.676	1341.839	
mexsalah.mat	"ah11"	1672.768	1751.066	731.909	722.426	737.508	735.328	1051.304	1149.752	1077.223	928.853	
mexsalah2.mat	"ex11"	401.493	454.985	546.580	578.087	565.845	498.546	1667.945	1691.706	1449.633	1841.390	
mexsalah2.mat	"a11"	610.111	815.163	978.715	866.489	1075.580	994.264	1697.832	1462.425	1246.425	2378.983	
mexsalah2.mat	"ah11"	891.835	1045.178	783.788	796.657	804.109	750.153	2784.157	3375.502	3256.379	1697.167	
mexshtuk.mat	"ex11"	286.091	342.085	989.900	210.847	211.445	2429.891	3011.388	2393.282	2868.012	3751.519	
mexshtuk.mat	"u11"	761.074	905.885	736.279	1227.936	520.758	487.369	2545.493	2792.248	2340.097	2516.299	
mexstana.mat	"ex11"	148.335	196.489	950.638	541.792	619.630	1643.620	2701.154	2016.020	2871.427	3217.445	
mexstana.mat	"a11"	521.086	779.694	715.948	768.412	799.086	578.673	1801.513	1672.401	2082.347	1643.643	
mexstana.mat	"a11"	854.601	1093.590	802.717	659.963	809.244	936.838	2196.172	1738.739	2072.925	2774.427	
mexstanah2.mat	"ex11"	91.241	144.446	707.636	365.230	328.666	1425.934	2589.989	1844.787	2345.845	3617.855	
mexstanah2.mat	"a11"	351.354	529.886	631.229	701.363	664.017	529.387	1575.969	1604.795	1415.410	1701.520	
mexstanah2.mat	"ah11"	593.731	702.506	739.331	595.390	702.647	898.328	2008.020	1498.857	1320.643	3132.016	
meyXAHNAH.mat	"ey13"	174.066	344.670	1141.486	413.812	2274.558	721.878	2830.579	2369.524	3412.537	2697.815	
meyXAHNAH.mat	"ah33"	492.953	669.935	1095.227	949.068	1137.854	1199.630	3339.017	3287.401	3402.908	3327.658	
meyXAHNAH.mat	"ah33"	735.307	897.940	1086.547	1216.227	1115.276	927.146	3144.043	3286.089	3316.268	2834.988	
miLAQE.mat	"i11"	564.900	665.421	456.216	321.054	325.922	716.400	2676.350	2514.481	2542.501	2971.713	
miLAQE.mat	"a11"	737.589	966.982	902.220	716.743	911.259	1078.476	1816.056	1534.273	1341.969	2566.011	
miLAQE.mat	"e11"	1064.925	1232.459	712.075	632.377	553.204	949.379	2454.197	2121.883	2495.489	2751.095	
molah.mat	"o11"	274.619	535.103	990.896	1348.168	1051.794	582.787	2435.204	2792.230	2554.306	1968.845	
molah.mat	"ah11"	609.086	794.045	791.551	711.583	766.084	898.066	2427.259	2154.408	1757.189	3348.953	
molah2.mat	"o11"	152.485	446.053	1394.588	1580.955	1689.069	920.838	2563.178	2718.201	2578.846	2392.117	
molah2.mat	"ah11"	528.377	675.937	806.480	748.722	848.464	830.679	2335.071	1673.201	2809.280	2576.095	
mrele3.mat	"e11"	921.219	1135.241	496.488	434.540	505.505	550.979	2339.729	2334.323	2465.594	2221.923	
mrele3.mat	"e11"	1224.832	1326.866	825.026	549.759	523.987	1382.987	2419.232	2139.575	2277.023	2833.419	
mushtari.mat	"u11"	160.162	215.310	978.681	299.975	227.812	2363.152	2752.925	2229.570	2346.150	3678.533	
mushtari.mat	"a11"	406.946	557.223	650.915	507.334	574.963	867.237	2313.753	2291.971	2297.699	2350.484	
mushtari.mat	"i11"	667.517	728.179	351.128	330.962	321.755	397.774	2784.313	2726.929	2758.843	2864.170	
mxxqi.mat	"xx11"	204.438	260.916	475.365	373.691	499.908	550.982	1612.936	1316.245	1421.810	2072.104	
mxxqi.mat	"i11"	398.491	580.959	375.931	355.135	352.583	419.185	2786.074	2739.074	2735.669	2881.588	
naJAHRAH.mat	"a13"	202.639	324.405	442.924	399.060	473.893	453.073	1692.642	1578.946	1558.171	1929.949	
naJAHRAH.mat	"ah33"	517.357	757.143	648.066	544.499	598.572	805.557	2025.231	1849.792	1677.056	2551.118	
naJAHRAH.mat	"ah33"	817.089	957.588	747.546	730.159	737.487	776.051	1473.884	1091.382	1129.796	2182.881	
naJAHRAH2.mat	"a13"	1387.384	1514.428	774.518	1058.318	844.292	414.212	1996.656	2517.402	1554.517	1886.690	
naJAHRAH2.mat	"ah33"	1696.709	1923.180	667.029	580.936	696.062	722.905	1740.375	1971.685	1298.795	1943.461	
naJAHRAH2.mat	"ah33"	1994.987	2138.603	779.599	728.240	811.183	798.731	1473.151	1222.763	989.564	2188.504	
neshamah.mat	"e11"	52.103	139.716	657.341	362.911	372.846	1225.943	2689.907	2715.553	2394.495	2954.857	
neshamah.mat	"a11"	261.941	411.208	877.859	687.869	1012.058	939.484	2751.004	2178.851	2680.632	3382.756	
neshamah.mat	"ah11"	507.474	639.434	775.989	690.677	602.832	1034.803	2485.538	2541.996	1504.503	3399.886	
nigaRAHN.mat	"i13"	81.283	152.679	363.570	378.894	389.077	324.543	2592.270	2566.452	2588.440	2621.551	
nigaRAHN.mat	"a13"	234.966	400.750	687.479	609.042	770.078	685.957	1790.362	1965.662	1826.378	1582.245	
nigaRAHN.mat	"ah33"	510.869	610.097	467.799	555.268	399.113	447.432	1371.506	1205.544	1276.710	1628.978	
nishAHNQULAH.mat	"i13"	84.466	168.627	469.453	363.339	367.339	674.119	2774.579	2796.314	2642.712	2876.445	
nishAHNQULAH.mat	"ah33"	317.251	460.503	450.782	530.687	493.037	318.555	1743.825	2020.160	1859.588	1339.508	
nishAHNQULAH.mat	"u33"	664.638	856.238	509.943	492.163	483.611	552.403	3302.175	3396.963	3385.885	3125.391	
nishAHNQULAH.mat	"ah33"	926.073	1067.535	820.706	682.836	876.989	900.873	3493.084	3484.044	3571.955	3427.974	
nokar.mat	"o11"	341.000	456.809	1136.669	879.437	1515.327	982.574	2576.647	2615.738	2552.658	2540.379	
nokar.mat	"a11"	720.216	956.374	691.135	646.503	714.464	713.818	2331.134	2377.445	2312.339	2303.342	
noshi.mat	"o11"	149.971	353.720	1352.879	1911.299	1601.850	537.037	2521.490	2723.262	2589.920	2243.026	
noshi.mat	"i11"	517.821	641.171	517.755	597.402	343.692	604.010	2687.657	2723.950	2593.853	2741.472	
noshi2.mat	"o11"	246.844	485.817	812.054	444.363	897.618	1105.856	2153.777	2001.131	2058.053	2408.630	
noshi2.mat	"i11"	657.818	794.809	601.254	733.933	330.517	730.546	2755.425	2737.229	2653.551	2870.183	
oklah.mat	"o11"	307.480	437.833	422.403	404.365	434.916	428.173	1782.702	2096.397	1680.207	1564.609	
oklah.mat	"ah11"	691.911	846.567	762.982	717.732	774.116	793.988	1359.849	1141.899	1100.936	1826.758	
ortug.mat	"o11"	523.761	669.488	692.567	557.019	767.355	762.071	2002.636	1817.473	1954.964	2248.272	
ortug.mat	"u11"	830.161	934.786	367.088	405.966	382.717	313.403	2336.960	2224.463	2375.802	2411.340	
pardin.mat	"a11"	323.101	490.121	628.192	745.480	654.555	485.526	1946.690	2046.454	1892.880	1898.832	
pardin.mat	"i11"	674.031	872.954	353.002	366.442	367.339	325.450	2699.898	2703.439	2721.521	2676.394	
pariSAHNULAH.mat	"a13"	209.437	316.233	646.729	675.296	682.822	581.761	1899.253	1743.550	1912.242	2049.582	
pariSAHNULAH.mat	"i13"	323.050	438.936	430.050	376.109	402.635	509.056	2349.955	2154.248	2294.434	2596.237	
pariSAHNULAH.mat	"ah33"	593.450	713.881	755.316	669.365	780.399	813.199	1779.105	1627.270	1139.140	2550.232	
pariSAHNULAH.mat	"u33"	791.138	945.652	759.479	921.711	674.648	678.079	3331.265	3322.958	3414.892	3259.616	
pariSAHNULAH.mat	"ah33"	1034.271	1175.152	823.647	868.689	803.226	798.320	2490.152	3342.010	2170.630	1944.772	
paroqe.mat	"a11"	221.114	328.473	674.003	797.530	714.789	505.849	1956.855	2005.780	1962.743	1900.972	
paroqe.mat	"o11"	379.085	561.595	582.707	473.820	617.824	656.057	2218.322	1936.155	1860.245	2851.625	
paroqe.mat	"e11"	656.685	816.189	513.975	564.286	527.279	450.972	2375.819	2175.580	2352.747	2597.070	
patole.mat	"a11"	119.107	195.489	655.901	829.972	622.183	505.382	2255.058	2373.093	2170.332	2209.257	
patole.mat	"o11"	375.412	602.862	465.250	525.242	432.911	436.710	2200.427	2291.684	2169.079	2141.228	
patole.mat	"e11"	691.126	838.799	536.893	432.225	464.691	711.618	2422.047	2262.211	2340.156	2662.411	
patole2.mat	"a11"	88.936	181.855	890.957	516.537	485.639	1644.644	2495.469	2051.443	2075.626	3334.274	
patole2.mat	"o11"	336.721	538.047	400.286	370.623	379.339	450.292	2180.019	2146.174	2280.288	2116.272	
patole2.mat	"e11"	626.742	806.950	764.148	382.851	454.380	1443.992	2691.059	2468.720	2541.097	3058.933	
pengaw.mat	"e11"	88.557	193.780	426.385	508.319	404.934	365.133	2782.628	2833.602	2803.158	2712.318	
pengaw.mat	"a11"	409.422	593.887	607.578	536.719	643.985	643.312	2267.855	2532.470	2256.242	2012.712	
peshanah2.mat	"e11"	314.894	419.739	452.693	398.782	430.815	526.466	2411.674	2318.884	2319.527	2594.272	
peshanah2.mat	"ah11"	551.844	782.504	699.974	745.280	795.658	560.510	1514.723	1772.836	1359.202	1410.437	
peshanah2.mat	"ah11"	843.315	992.195	643.631	624.037	407.854	896.927	1858.445	1381.862	1156.580	3032.230	
pexruq.mat	"ex11"	246.494	326.020	784.953	1051.476	481.087	795.787	2634.332	2859.084	2482.038	2541.964	
pexruq.mat	"u11"	396.568	558.186	431.130	406.619	415.718	470.791	2156.013	2304.182	2340.721	1838.276	
piWAHZAH.mat	"i13"	383.487	480.389	647.469	1177.666	353.473	377.431	2528.565	2822.553	2473.887	2275.140	
piWAHZAH.mat	"ah33"	568.277	818.421	758.427	747.896	807.168	720.775	2310.881	2182.568	2141.789	2607.934	
piWAHZAH.mat	"ah33"	892.788	1167.720	716.084	705.439	663.880	778.534	1636.468	1833.309	1307.094	1763.743	
piWAHZE2.mat	"i13"	552.372	656.035	681.839	1280.871	362.349	375.728	2523.640	2833.086	2432.464	2297.572	
piWAHZE2.mat	"ah33"	750.551	985.317	715.533	675.877	743.502	723.896	2430.198	2032.391	2578.912	2667.540	
piWAHZE2.mat	"e33"	1073.735	1287.158	902.474	735.637	552.104	1409.164	2389.008	2218.970	2333.161	2611.131	
poqah.mat	"o11"	222.696	413.573	507.546	433.999	498.247	588.896	2133.017	1971.960	2019.069	2384.939	
poqah.mat	"ah11"	518.140	718.975	836.883	851.702	793.045	864.012	2661.069	2918.008	2288.689	2731.357	
pul.mat	"u11"	156.383	336.425	350.184	363.066	370.190	318.016	2516.595	2409.984	2466.392	2672.935	
pul2.mat	"u11"	124.257	292.731	586.117	769.239	367.698	617.191	2500.049	2555.423	2289.258	2652.502	
qalah.mat	"a11"	613.268	878.427	962.137	1004.371	949.835	931.763	2132.051	2027.666	1720.632	2644.399	
qalah.mat	"ah11"	976.421	1145.507	759.749	895.610	756.090	629.193	3221.498	3318.084	3292.498	3057.637	
qalah2.mat	"a11"	148.805	378.383	808.716	754.460	831.451	839.607	1472.104	1350.625	1306.647	1757.939	
qalah2.mat	"ah11"	467.109	581.344	709.284	731.253	771.836	627.331	2557.652	2638.935	2641.042	2370.754	
qardah.mat	"a11"	211.159	393.643	873.058	896.944	839.755	881.655	1599.564	1521.101	1546.964	1731.721	
qardah.mat	"ah11"	598.564	784.039	698.527	656.019	722.429	716.641	2492.857	2278.795	3148.034	2033.315	
qarilah.mat	"a11"	815.472	921.556	611.040	687.654	631.922	514.347	2027.775	1792.446	1892.419	2382.307	
qarilah.mat	"i11"	970.716	1131.135	322.526	336.709	318.573	312.282	2535.749	2510.259	2556.044	2540.894	
qarilah.mat	"ah11"	1221.694	1356.239	648.592	538.777	662.106	745.491	1812.974	1792.504	1122.502	2483.096	
qarilulah.mat	"a11"	354.161	481.704	634.777	652.416	707.311	549.033	2103.758	1893.016	2062.460	2354.868	
qarilulah.mat	"i11"	503.362	642.938	336.953	354.618	339.679	316.577	2479.608	2490.098	2499.713	2450.370	
qarilulah.mat	"u11"	753.635	914.868	339.737	341.339	346.098	332.009	2405.939	2433.050	2425.977	2359.570	
qarilulah.mat	"ah11"	996.688	1155.515	709.162	578.865	744.848	805.770	2357.510	1746.808	2740.164	2568.840	
qulbah.mat	"u11"	111.201	200.244	496.674	432.155	403.343	653.888	2580.893	2980.346	2438.229	2316.524	
qulbah.mat	"ah11"	471.244	663.525	897.784	787.496	786.807	1118.355	2472.494	2431.819	1629.362	3366.534	
rang.mat	"a11"	1082.423	1246.039	539.668	705.478	526.088	383.262	1601.357	1575.761	1519.201	1708.247	
reshah.mat	"e11"	1209.700	1385.891	502.018	459.860	447.762	596.018	2491.969	2481.123	2445.231	2547.392	
reshah.mat	"ah11"	1562.082	1713.801	819.435	766.715	748.240	941.778	2242.483	2500.016	1680.172	2568.345	
riHAHN.mat	"i13"	329.941	482.709	369.610	355.419	342.236	410.303	2651.166	2662.174	2704.335	2588.389	
riHAHN.mat	"ah33"	548.909	695.311	660.212	882.075	715.903	374.327	1708.484	2422.179	1240.078	1439.850	
rxxshutah.mat	"xx11"	409.995	507.629	1681.866	1686.644	1893.339	1447.841	2766.687	2593.912	2595.905	3087.500	
rxxshutah.mat	"u11"	652.891	748.144	291.563	313.521	326.271	238.157	2239.276	2228.562	2205.883	2282.389	
rxxshutah.mat	"ah11"	895.786	1043.429	763.051	624.435	757.735	909.826	1631.836	1616.611	1177.733	2078.360	
sexfrah.mat	"ex11"	698.099	777.544	929.239	1003.682	890.745	891.216	2543.222	2944.804	2306.560	2353.673	
sexfrah.mat	"ah11"	1051.186	1192.421	752.705	698.449	726.917	832.980	1378.354	1323.218	954.928	1847.864	
sharoe.mat	"a11"	163.016	287.183	498.799	492.778	543.046	460.909	2198.428	2324.199	2195.670	2076.905	
sharoe.mat	"o11"	303.467	422.546	410.338	408.688	417.936	404.688	2253.600	2188.207	2269.257	2303.677	
sharoe.mat	"e11"	422.546	573.175	506.238	405.065	424.850	685.403	2502.373	2379.944	2363.402	2757.798	
shaxinah.mat	"a11"	474.766	570.694	887.275	669.448	791.068	1194.173	2275.022	2177.321	2042.236	2590.580	
shaxinah.mat	"i11"	685.275	855.814	372.511	368.886	362.207	386.278	2705.564	2739.443	2709.596	2666.818	
shaxinah.mat	"ah11"	930.425	1079.647	1000.665	735.237	1156.597	1118.141	3025.328	2377.331	3373.321	3336.090	
shishkah.mat	"i11"	219.916	295.030	567.862	243.049	258.034	1178.176	2848.157	2766.057	2546.608	3214.286	
shishkah.mat	"ah11"	669.184	843.506	689.445	612.871	646.666	799.324	1816.476	1904.332	1550.812	1974.768	
shishkah2.mat	"i11"	235.669	312.165	717.983	295.685	334.367	1508.955	2823.927	2756.185	2545.444	3160.316	
shishkah2.mat	"ah11"	582.292	738.871	705.003	603.602	709.515	800.939	1778.965	1886.958	1382.575	2063.004	
shishkah3.mat	"i11"	483.019	571.406	2073.935	2576.326	816.326	2902.219	3371.386	3547.728	2731.718	3862.716	
shishkah3.mat	"ah11"	836.567	1008.241	721.118	660.830	763.047	742.402	1672.760	1810.030	1535.735	1656.336	
shiyah.mat	"i11"	555.129	680.855	331.684	419.728	266.306	306.329	2525.639	2590.156	2509.968	2476.371	
shiyah.mat	"ah11"	762.676	928.315	716.196	631.628	776.704	736.152	2218.035	2126.104	1968.655	2533.063	
shobah.mat	"o11"	492.552	782.511	583.799	514.860	508.271	727.403	2297.381	2130.758	1979.161	2780.327	
shobah.mat	"ah11"	820.586	1010.964	797.310	676.314	892.849	821.932	3152.599	3087.930	3201.359	3169.376	
shxxrele.mat	"xx11"	1510.171	1638.040	460.777	444.876	479.363	458.963	2108.164	2333.241	2107.626	1882.903	
shxxrele.mat	"e11"	1645.143	1829.843	529.887	518.366	541.558	530.524	2322.468	2251.557	2410.798	2310.014	
shxxrele.mat	"e11"	1907.985	2032.302	934.876	519.337	543.820	1731.803	2615.889	2366.399	2341.114	3133.639	
shxxreli.mat	"xx11"	1262.362	1377.444	429.889	425.375	466.794	398.849	2695.549	2667.377	2663.814	2744.018	
shxxreli.mat	"e11"	1424.329	1637.443	463.506	427.516	458.183	505.321	2435.168	2393.013	2518.707	2396.774	
shxxreli.mat	"i11"	1722.688	1803.672	351.585	355.821	360.501	339.129	2626.173	2528.169	2634.231	2714.752	
shxxrilah.mat	"xx11"	357.393	467.583	859.989	806.853	342.244	1406.186	2640.849	2741.265	2438.764	2735.553	
shxxrilah.mat	"i11"	540.308	643.887	360.706	365.334	357.483	359.104	2586.582	2589.170	2617.281	2554.925	
shxxrilah.mat	"ah11"	723.224	842.230	708.935	696.283	692.974	731.411	1810.013	1896.129	1419.966	2092.225	
siWAHN.mat	"i13"	246.199	303.535	336.645	325.871	342.175	342.024	2516.324	2545.911	2530.490	2475.341	
siWAHN.mat	"ah33"	418.206	563.109	517.293	562.348	566.235	433.071	1532.964	1097.224	1900.831	1635.946	
sijami.mat	"i11"	352.603	557.336	395.237	346.329	343.645	494.646	2589.014	2672.261	2671.982	2423.971	
sijami.mat	"a11"	596.069	784.202	936.722	755.987	991.311	1073.956	2467.214	1442.794	2733.287	3256.629	
sijami.mat	"i11"	859.824	1027.668	470.749	344.542	326.220	736.473	2753.745	2609.114	2687.608	2962.649	
sijami2.mat	"i11"	293.786	454.325	376.929	370.963	329.232	429.787	2624.779	2674.311	2658.299	2541.993	
sijami2.mat	"a11"	511.081	689.457	880.695	1011.887	938.319	695.962	1769.810	1369.488	1884.535	2081.954	
sijami2.mat	"i11"	775.401	932.697	318.763	341.909	322.231	292.332	2673.810	2559.784	2690.540	2772.138	
sonah.mat	"o22"	282.301	512.224	479.255	425.312	494.098	517.796	2108.081	2160.545	2040.623	2118.505	
sonah.mat	"ah22"	572.004	711.491	754.774	645.527	755.499	862.046	1873.743	1619.233	1485.287	2536.322	
sxxwele.mat	"xx11"	491.381	563.829	705.256	598.570	1089.824	437.725	2382.928	2519.318	2577.598	2051.066	
sxxwele.mat	"e11"	680.551	891.858	421.605	430.040	434.451	400.697	2382.157	2404.490	2498.378	2248.036	
sxxwele.mat	"e11"	968.331	1068.953	493.133	474.939	466.239	536.085	2490.385	2286.018	2482.023	2706.867	
tavilah.mat	"a11"	134.702	221.412	663.032	696.834	706.197	585.753	2025.361	2157.606	1935.459	1974.434	
tavilah.mat	"i11"	312.569	440.412	331.670	338.255	332.660	324.223	2596.050	2535.248	2616.443	2636.341	
tavilah.mat	"ah11"	528.234	658.299	959.517	879.047	1045.469	958.832	3014.592	2461.915	3302.993	3305.487	
tavilah2.mat	"a11"	143.274	224.710	559.106	553.243	593.398	531.639	2181.187	2250.900	2133.145	2157.374	
tavilah2.mat	"i11"	320.623	465.398	368.365	335.214	323.627	444.471	2762.777	2648.761	2750.572	2888.612	
tavilah2.mat	"ah11"	546.834	653.605	749.359	608.493	721.607	913.540	2051.736	1941.147	1533.769	2627.187	
tawule.mat	"a11"	396.862	502.009	725.200	692.650	586.684	887.152	2356.874	1978.615	2086.123	3003.663	
tawule.mat	"u11"	556.772	773.636	813.396	473.292	767.048	1206.411	2557.910	2333.570	2428.970	2918.324	
tawule.mat	"e11"	850.305	1043.073	627.955	475.557	468.692	936.306	2471.280	2360.315	2384.570	2667.717	
taxt.mat	"a11"	285.153	396.031	853.529	705.504	809.867	1042.317	2046.175	1923.887	1870.292	2331.366	
tenah.mat	"e11"	205.210	439.848	427.463	449.495	433.019	400.222	2567.330	2736.157	2766.431	2199.538	
tenah.mat	"ah11"	525.058	672.016	1190.786	1334.051	1143.773	1091.806	3398.166	3315.111	3449.530	3432.202	
torah.mat	"o11"	583.792	782.491	518.981	617.055	420.108	519.186	2928.070	2889.284	3013.920	2880.488	
torah.mat	"ah11"	807.965	1016.853	796.871	553.091	731.233	1106.916	1996.795	1262.857	1371.970	3352.219	
torah2.mat	"o11"	541.319	790.113	484.164	498.411	454.691	498.299	2358.667	2259.539	2355.310	2458.439	
torah2.mat	"ah11"	871.242	1003.752	727.878	648.078	741.360	793.760	1546.186	1577.588	1318.579	1739.795	
tore4.mat	"o11"	752.926	1006.478	410.060	366.442	348.493	513.869	2267.960	2235.294	2201.918	2367.615	
tore4.mat	"e11"	1103.321	1257.565	800.882	731.833	421.769	1223.764	2765.361	2685.300	2565.162	3033.002	
torev2.mat	"o11"	201.817	514.497	440.081	484.172	398.152	437.308	2361.564	2355.833	2313.112	2414.619	
torev2.mat	"e11"	571.157	757.926	473.396	424.124	476.481	519.861	2316.356	2234.037	2365.219	2350.018	
tori.mat	"o11"	79.613	331.519	415.960	385.243	393.282	468.811	2002.734	2051.478	1927.396	2028.698	
tori.mat	"i11"	368.336	554.359	356.881	395.451	319.570	354.461	2651.364	2544.749	2668.590	2741.285	
tumah.mat	"u11"	226.285	368.214	347.812	340.415	337.456	364.519	2224.828	2312.372	2287.783	2074.817	
tumah.mat	"ah11"	483.998	683.819	972.106	888.107	992.054	1036.930	3292.469	3236.181	3222.624	3416.526	
tumah2.mat	"u11"	1066.523	1262.674	481.365	594.647	447.372	407.403	2071.683	2379.415	2222.574	1622.149	
tumah2.mat	"ah11"	1347.957	1566.850	773.623	788.652	613.344	912.446	2297.944	2196.334	1534.866	3131.175	
tunah.mat	"u11"	202.102	395.900	309.556	236.425	312.698	379.176	2083.363	2112.546	2051.112	2085.327	
tunah.mat	"ah11"	461.845	623.342	975.445	767.164	1111.106	1050.600	2989.919	2468.385	3193.438	3324.098	
tush.mat	"u11"	557.917	690.291	514.368	404.399	404.281	729.402	2334.370	2293.726	2217.989	2486.605	
txxlele.mat	"xx11"	452.895	501.087	498.488	481.244	527.760	489.765	2040.707	2182.642	2044.247	1894.587	
txxlele.mat	"e11"	693.854	882.915	489.567	466.157	506.717	496.280	2400.024	2461.416	2397.216	2340.186	
txxlele.mat	"e11"	949.642	1049.733	726.537	441.512	497.305	1213.040	2494.081	2358.070	2418.875	2691.219	
txxlele.mat	"e11"	1705.884	1876.409	468.719	491.195	487.586	427.385	2330.446	2317.268	2329.869	2345.923	
txxlele.mat	"e11"	1943.136	2046.934	605.954	427.116	489.650	889.172	2463.085	2471.069	2296.071	2609.148	
ujah.mat	"u11"	212.705	441.110	726.858	232.888	488.535	1471.714	2799.669	2279.563	2580.701	3554.550	
ujah.mat	"ah11"	543.333	741.391	762.349	918.582	650.997	714.164	1805.670	2606.584	1449.846	1354.553	
une.mat	"u11"	1463.439	1655.170	352.078	333.489	359.486	363.578	2295.362	2274.323	2301.121	2310.989	
une.mat	"e11"	1733.282	1921.462	819.091	393.353	420.656	1643.067	2604.912	2426.015	2436.457	2954.143	
urmexghnah.mat	"u11"	302.834	444.128	483.936	260.876	766.710	415.439	2356.315	2319.078	2477.998	2268.530	
urmexghnah.mat	"ex11"	576.592	755.417	558.839	326.467	336.941	1009.289	2359.308	2274.289	2066.548	2734.776	
urmexghnah.mat	"ah11"	976.189	1172.676	994.471	888.646	1003.208	1094.825	2975.831	2484.544	3139.915	3318.098	
ushwah.mat	"u11"	197.097	252.607	1023.465	303.282	569.042	2179.803	2838.570	2157.328	2424.152	3929.223	
ushwah.mat	"ah11"	521.749	723.605	723.355	757.266	712.964	697.727	1912.952	2614.174	2071.566	1036.953	
weli.mat	"e11"	282.712	514.287	681.251	370.682	655.182	1036.369	2490.446	2248.498	2556.149	2679.233	
weli.mat	"i11"	595.651	752.120	318.047	333.163	319.653	301.488	2706.947	2606.045	2708.275	2806.721	
weli.mat	"e11"	2448.246	2698.597	1402.040	1379.223	2065.892	765.736	2653.294	2687.561	2795.053	2477.326	
weli.mat	"i11"	2792.478	2930.171	301.153	312.374	310.546	281.109	2801.013	2711.075	2790.370	2900.304	
xahisht.mat	"ah11"	432.300	571.773	664.041	655.068	711.255	628.148	1422.146	1201.260	1305.407	1757.429	
xahisht.mat	"i11"	571.773	713.495	617.576	486.962	395.968	960.505	2576.783	2397.222	2509.570	2818.969	
xalah.mat	"a11"	582.071	861.038	944.424	870.297	987.656	975.842	2329.549	1421.026	2309.954	3255.994	
xalah.mat	"ah11"	937.360	1079.475	859.326	911.277	811.674	850.317	2825.490	3070.904	3076.018	2294.713	
xarupe.mat	"a11"	867.880	988.237	705.577	712.538	801.365	606.786	2056.169	2102.643	2079.393	1986.287	
xarupe.mat	"u11"	1027.176	1158.153	366.947	374.380	374.560	352.469	2204.764	2161.403	2175.883	2271.836	
xarupe.mat	"e11"	1306.829	1466.124	658.614	496.297	524.233	950.214	2466.228	2363.298	2357.593	2674.112	
xexltah2.mat	"ex11"	803.641	970.252	640.311	589.225	599.629	733.354	2127.442	1489.974	1687.674	3218.700	
xexltah2.mat	"ah11"	1142.813	1267.771	799.818	703.755	771.767	919.648	1589.284	1336.920	1175.539	2229.040	
xextnah.mat	"ex11"	408.820	465.325	751.214	965.149	651.881	629.971	2426.552	3034.966	1627.035	2586.764	
xextnah.mat	"ah11"	796.653	973.875	759.706	690.066	514.378	1075.487	2027.024	1582.820	1136.137	3370.986	
xxxliqi.mat	xxxliqi.mat	1.000	932.000	1059.098	1211.517	831.545	1149.722	2755.229	2521.287	2768.408	2971.990	
yaqore.mat	"a11"	137.333	192.704	694.675	723.318	734.941	630.178	1902.186	2092.916	1856.688	1751.627	
yaqore.mat	"o11"	282.352	497.243	535.836	708.828	448.279	454.387	2093.112	1980.467	2077.426	2228.914	
yaqore.mat	"e11"	552.613	725.317	675.252	475.914	509.390	1037.745	2431.033	2231.949	2328.907	2729.962	
yxxqeri.mat	"xx11"	144.907	235.757	565.220	389.273	534.022	760.656	2356.115	2557.217	2183.447	2319.054	
yxxqeri.mat	"e11"	341.398	478.730	910.765	1137.357	715.124	871.370	2712.554	3004.051	2748.645	2381.948	
yxxqeri.mat	"i11"	529.437	636.133	615.764	1203.362	319.772	299.930	2710.261	2775.738	2609.089	2740.828	
zexnDAHN.mat	"ex13"	554.284	647.295	474.225	571.146	419.044	430.527	1728.946	2307.317	1455.846	1409.522	
zexnDAHN.mat	"ah33"	907.726	1083.413	815.373	862.655	704.712	880.228	2601.592	3058.031	2133.381	2613.119	
zxxrele.mat	"xx11"	412.605	552.337	513.182	491.750	469.753	577.032	2100.034	2177.137	2097.980	2024.716	
zxxrele.mat	"e11"	591.927	794.538	577.893	555.717	581.384	596.578	2239.969	2201.458	2361.365	2160.377	
zxxrele.mat	"e11"	873.719	1013.451	695.308	542.398	561.493	979.084	2499.910	2331.668	2359.159	2806.334	
